feature	variant	seeds	acc_mean	acc_std	bacc_mean	bacc_std	macro_auc_mean	macro_auc_std	macro_f1_mean	macro_f1_std
uni	smooth005	3	0.6360153256704981	0.0239271953961623	0.5940519323671497	0.0301690724560309	0.8244825977162934	0.009187197954299	0.5697166544863603	0.0431444952168036
uni	unbalanced_mild	3	0.6245210727969348	0.0331810499534268	0.5686896135265701	0.0324236564218812	0.8220369455423803	0.031900092943951	0.4982088166366416	0.0399636803297218
uni	loss_focal1	3	0.6245210727969349	0.0239271953961624	0.5795591787439612	0.0301690724560309	0.8213685770750988	0.0178253246728286	0.5452142354693025	0.0500121670540328
uni	mild_reg	3	0.6245210727969349	0.0175577612833556	0.5782004830917874	0.0125374666044653	0.8114624505928854	0.0059008431177564	0.5368015222966823	0.0324671996500953
